{
  "ext/fragment/Fragment.fragment.xml": 1710411814598,
  "manifest.json": 1710474672796,
  "ext/fragment/Combobox.js": 1710411814598,
  "ext/controller/ObjectPage.controller.js": 1710411814598,
  "Component.js": 1710411814598,
  "Component-preload.js": 1710474673233,
  "Component-dbg.js": 1710411814598,
  "ext/controller/ObjectPage-dbg.controller.js": 1710411814598,
  "ext/fragment/Combobox-dbg.js": 1710411814598,
  "i18n/i18n.properties": 1710411814598,
  "css/style.css": 1710411814598,
  "index.html": 1710411814598
}