{
  "index.html": 1707462894766,
  "ext/controller/ObjectPage.controller.js": 1707463302142,
  "ext/fragment/Combobox.js": 1707463181279,
  "manifest.json": 1708408956049,
  "Component.js": 1707462894766,
  "Component-preload.js": 1708408956830,
  "ext/fragment/Combobox-dbg.js": 1707463181279,
  "ext/controller/ObjectPage-dbg.controller.js": 1707463302142,
  "Component-dbg.js": 1707462894766,
  "ext/fragment/Fragment.fragment.xml": 1707463140071,
  "css/style.css": 1707463555823,
  "i18n/i18n.properties": 1707462924929
}