{
    "client": "ISRO - TWT",
    "bidders": [
        {
            "Supplier": "Artson Enginerring Ltd",
            "items": [
                {
                    "itemname":"Air Storage Vessel",
                    "offers":[
                        {
                            "offername":"offer1",
                            "unit_rate":"123"
                        },
                        {
                            "offername":"offer2",
                            "unit_rate":"12123"
                        },
                        {
                            "offername":"offer3",
                            "unit_rate":"112323"
                        }
                    ]

                }
            ],
            "offers":[
                {
                    "offernae":"offer1",
                    
                }
            ]
        }
    ]
}