{
  "ext/fragment/Fragment.fragment.xml": 1706692758061,
  "Component.js": 1706504794631,
  "manifest.json": 1706783101707,
  "data1.json": 1706520496921,
  "data.json": 1706524450107,
  "ext/fragment/Fragment.js": 1706505096963,
  "ext/controller/ObjectPageCon.controller.js": 1706781448162,
  "model/data.json": 1706525866431,
  "Component-preload.js": 1706783102347,
  "Component-dbg.js": 1706504794631,
  "ext/controller/ObjectPageCon-dbg.controller.js": 1706781448162,
  "ext/fragment/Fragment-dbg.js": 1706505096963,
  "i18n/i18n.properties": 1706504830158,
  "css/style.css": 1706778746517,
  "index.html": 1706504794635
}