{
  "i18n/i18n.properties": 1710411815566,
  "ext/fragment/Fragment.js": 1710411815566,
  "manifest.json": 1710474663603,
  "data1.json": 1710411815566,
  "data.json": 1710411815566,
  "model/data.json": 1710411815570,
  "ext/controller/ObjectPageCon.controller.js": 1710411815566,
  "Component.js": 1710411815566,
  "Component-preload.js": 1710474664072,
  "Component-dbg.js": 1710411815566,
  "ext/controller/ObjectPageCon-dbg.controller.js": 1710411815566,
  "ext/fragment/Fragment-dbg.js": 1710411815566,
  "ext/fragment/Fragment.fragment.xml": 1710411815566,
  "css/style.css": 1710411815566,
  "index.html": 1710411815566
}