{
  "Component.js": 1707202550495,
  "ext/fragment/HeaderFragment.js": 1710151353135,
  "manifest.json": 1710157353296,
  "ext/fragment/Fragment.js": 1708664175828,
  "ext/controller/ObjectPageCon.controller.js": 1710154386421,
  "ext/controller/Headerbutton.js": 1708431247417,
  "i18n/i18n.properties": 1708925041867,
  "Component-preload.js": 1710157354356,
  "ext/controller/ObjectPageCon-dbg.controller.js": 1710154386421,
  "ext/fragment/Fragment-dbg.js": 1708664175828,
  "ext/fragment/HeaderFragment-dbg.js": 1710151353135,
  "ext/controller/Headerbutton-dbg.js": 1708431247417,
  "Component-dbg.js": 1707202550495,
  "ext/fragment/HeaderFragment.fragment.xml": 1709902631415,
  "ext/fragment/Fragment.fragment.xml": 1710147512449,
  "css/style.css": 1710151429701,
  "index.html": 1707202550499
}