{
  "index.html": 1707202550499,
  "ext/controller/ObjectPageCon.controller.js": 1707896760428,
  "ext/fragment/HeaderFragment.js": 1707896729704,
  "ext/fragment/Fragment.js": 1707557055429,
  "manifest.json": 1707896831467,
  "Component.js": 1707202550495,
  "Component-preload.js": 1707896831932,
  "Component-dbg.js": 1707202550495,
  "ext/fragment/Fragment-dbg.js": 1707557055429,
  "ext/controller/ObjectPageCon-dbg.controller.js": 1707896760428,
  "ext/fragment/HeaderFragment-dbg.js": 1707896729704,
  "ext/fragment/HeaderFragment.fragment.xml": 1707894938644,
  "ext/fragment/Fragment.fragment.xml": 1707808975565,
  "css/style.css": 1707731805191,
  "i18n/i18n.properties": 1707202587651
}