{
  "ext/fragment/HeaderFragment.fragment.xml": 1707556397527,
  "ext/fragment/Fragment.js": 1707557055429,
  "ext/fragment/HeaderFragment.js": 1707558749294,
  "manifest.json": 1707558986137,
  "ext/controller/ObjectPageCon.controller.js": 1707558955463,
  "Component.js": 1707202550495,
  "Component-preload.js": 1707558986576,
  "ext/controller/ObjectPageCon-dbg.controller.js": 1707558955463,
  "ext/fragment/Fragment-dbg.js": 1707557055429,
  "ext/fragment/HeaderFragment-dbg.js": 1707558749294,
  "Component-dbg.js": 1707202550495,
  "i18n/i18n.properties": 1707202587651,
  "ext/fragment/Fragment.fragment.xml": 1707556603836,
  "css/style.css": 1707458166035,
  "index.html": 1707202550499
}