{
  "i18n/i18n.properties": 1708925041867,
  "ext/fragment/HeaderFragment.js": 1708949898368,
  "manifest.json": 1709007608904,
  "ext/fragment/Fragment.js": 1708664175828,
  "ext/controller/ObjectPageCon.controller.js": 1709007569937,
  "ext/controller/Headerbutton.js": 1708431247417,
  "Component.js": 1707202550495,
  "Component-preload.js": 1709007609421,
  "ext/fragment/HeaderFragment-dbg.js": 1708949898368,
  "ext/fragment/Fragment-dbg.js": 1708664175828,
  "ext/controller/ObjectPageCon-dbg.controller.js": 1709007569937,
  "ext/controller/Headerbutton-dbg.js": 1708431247417,
  "Component-dbg.js": 1707202550495,
  "ext/fragment/HeaderFragment.fragment.xml": 1708406366320,
  "ext/fragment/Fragment.fragment.xml": 1709006195317,
  "css/style.css": 1709007495638,
  "index.html": 1707202550499
}