{
  "i18n/i18n.properties": 1708925041867,
  "ext/controller/Headerbutton.js": 1708431247417,
  "ext/fragment/HeaderFragment.js": 1709966675326,
  "ext/fragment/Fragment.js": 1708664175828,
  "ext/controller/ObjectPageCon.controller.js": 1710133627415,
  "manifest.json": 1710133721394,
  "Component.js": 1707202550495,
  "Component-preload.js": 1710133722101,
  "ext/fragment/HeaderFragment-dbg.js": 1709966675326,
  "ext/fragment/Fragment-dbg.js": 1708664175828,
  "ext/controller/ObjectPageCon-dbg.controller.js": 1710133627415,
  "ext/controller/Headerbutton-dbg.js": 1708431247417,
  "Component-dbg.js": 1707202550495,
  "ext/fragment/HeaderFragment.fragment.xml": 1709902631415,
  "ext/fragment/Fragment.fragment.xml": 1710133361135,
  "css/style.css": 1710133229137,
  "index.html": 1707202550499
}