{
  "css/style.css": 1708340680110,
  "ext/fragment/Fragment.js": 1707557055429,
  "ext/fragment/HeaderFragment.js": 1708059237948,
  "manifest.json": 1708341116317,
  "ext/controller/ObjectPageCon.controller.js": 1708341061615,
  "Component.js": 1707202550495,
  "Component-preload.js": 1708341116841,
  "Component-dbg.js": 1707202550495,
  "ext/fragment/Fragment-dbg.js": 1707557055429,
  "ext/controller/ObjectPageCon-dbg.controller.js": 1708341061615,
  "ext/fragment/HeaderFragment-dbg.js": 1708059237948,
  "ext/fragment/HeaderFragment.fragment.xml": 1708059207476,
  "ext/fragment/Fragment.fragment.xml": 1708336032144,
  "i18n/i18n.properties": 1707202587651,
  "index.html": 1707202550499
}