{
  "manifest.json": 1710404643803,
  "ext/fragment/Fragment.js": 1708664175828,
  "ext/controller/ObjectPageCon.controller.js": 1710395715576,
  "ext/controller/Headerbutton.js": 1708431247417,
  "ext/fragment/HeaderFragment.js": 1710391327099,
  "i18n/i18n.properties": 1708925041867,
  "Component.js": 1707202550495,
  "Component-preload.js": 1710404644356,
  "ext/fragment/HeaderFragment-dbg.js": 1710391327099,
  "ext/fragment/Fragment-dbg.js": 1708664175828,
  "ext/controller/ObjectPageCon-dbg.controller.js": 1710395715576,
  "ext/controller/Headerbutton-dbg.js": 1708431247417,
  "Component-dbg.js": 1707202550495,
  "ext/fragment/HeaderFragment.fragment.xml": 1709902631415,
  "ext/fragment/Fragment.fragment.xml": 1710388469261,
  "css/style.css": 1710309852688,
  "index.html": 1707202550499
}