{
  "manifest.json": 1707554759274,
  "i18n/i18n.properties": 1707202587651,
  "ext/fragment/Fragment.js": 1707554638098,
  "ext/controller/ObjectPageCon.controller.js": 1707554727265,
  "Component.js": 1707202550495,
  "Component-preload.js": 1707554759497,
  "Component-dbg.js": 1707202550495,
  "ext/controller/ObjectPageCon-dbg.controller.js": 1707554727265,
  "ext/fragment/Fragment-dbg.js": 1707554638098,
  "ext/fragment/Fragment.fragment.xml": 1707553918741,
  "css/style.css": 1707458166035,
  "index.html": 1707202550499
}