{
  "Component-preload.js": 1709271418172,
  "Component.js": 1707202550495,
  "ext/fragment/HeaderFragment.js": 1709118251600,
  "ext/fragment/Fragment.js": 1708664175828,
  "ext/controller/ObjectPageCon.controller.js": 1709271321550,
  "ext/controller/Headerbutton.js": 1708431247417,
  "manifest.json": 1709271417711,
  "i18n/i18n.properties": 1708925041867,
  "ext/fragment/Fragment-dbg.js": 1708664175828,
  "ext/fragment/HeaderFragment-dbg.js": 1709118251600,
  "ext/controller/ObjectPageCon-dbg.controller.js": 1709271321550,
  "ext/controller/Headerbutton-dbg.js": 1708431247417,
  "Component-dbg.js": 1707202550495,
  "ext/fragment/HeaderFragment.fragment.xml": 1708406366320,
  "ext/fragment/Fragment.fragment.xml": 1709006195317,
  "css/style.css": 1709189133219,
  "index.html": 1707202550499
}