{
  "ext/fragment/Combobox-dbg.js": 1706501415675,
  "manifest.json": 1709271399576,
  "ext/fragment/Fragment.js": 1706501415679,
  "ext/fragment/Combobox.js": 1706501415675,
  "ext/controller/ObjPage.controller.js": 1706781483282,
  "Component.js": 1706501415675,
  "Component-preload.js": 1709271400116,
  "ext/controller/ObjPage-dbg.controller.js": 1706781483282,
  "i18n/i18n.properties": 1706501415679,
  "ext/fragment/Fragment-dbg.js": 1706501415679,
  "Component-dbg.js": 1706501415675,
  "ext/fragment/coppy.xml": 1706942520362,
  "ext/fragment/Fragment.fragment.xml": 1707462570993,
  "css/style.css": 1706501415675,
  "index.html": 1706501415679
}