{
  "Component.js": 1710411813842,
  "manifest.json": 1710474651286,
  "ext/fragment/Fragment.js": 1710411813842,
  "ext/fragment/Combobox.js": 1710411813842,
  "ext/controller/ObjPage.controller.js": 1710411813842,
  "i18n/i18n.properties": 1710411813842,
  "Component-preload.js": 1710474651756,
  "ext/fragment/Fragment-dbg.js": 1710411813842,
  "ext/fragment/Combobox-dbg.js": 1710411813842,
  "ext/controller/ObjPage-dbg.controller.js": 1710411813842,
  "Component-dbg.js": 1710411813842,
  "ext/fragment/coppy.xml": 1710411813842,
  "ext/fragment/Fragment.fragment.xml": 1710411813842,
  "css/style.css": 1710411813842,
  "index.html": 1710411813842
}