{
  "manifest.json": 1707728237016,
  "Component.js": 1707202550495,
  "ext/fragment/HeaderFragment.js": 1707721134954,
  "ext/fragment/Fragment.js": 1707557055429,
  "ext/controller/ObjectPageCon.controller.js": 1707728201305,
  "i18n/i18n.properties": 1707202587651,
  "Component-preload.js": 1707728237592,
  "ext/controller/ObjectPageCon-dbg.controller.js": 1707728201305,
  "ext/fragment/Fragment-dbg.js": 1707557055429,
  "ext/fragment/HeaderFragment-dbg.js": 1707721134954,
  "Component-dbg.js": 1707202550495,
  "ext/fragment/HeaderFragment.fragment.xml": 1707719819229,
  "ext/fragment/Fragment.fragment.xml": 1707669937814,
  "css/style.css": 1707458166035,
  "index.html": 1707202550499
}