{
  "ext/fragment/HeaderFragment.js": 1710416023006,
  "manifest.json": 1710474668585,
  "i18n/i18n.properties": 1710411816382,
  "ext/fragment/Fragment.js": 1710414487633,
  "ext/controller/ObjectPageCon.controller.js": 1710414693956,
  "ext/controller/Headerbutton.js": 1710411816382,
  "Component.js": 1710411816382,
  "Component-preload.js": 1710474669144,
  "ext/controller/Headerbutton-dbg.js": 1710411816382,
  "ext/fragment/Fragment-dbg.js": 1710414487633,
  "ext/controller/ObjectPageCon-dbg.controller.js": 1710414693956,
  "ext/fragment/HeaderFragment-dbg.js": 1710416023006,
  "Component-dbg.js": 1710411816382,
  "ext/fragment/HeaderFragment.fragment.xml": 1710414855382,
  "ext/fragment/Fragment.fragment.xml": 1710414682752,
  "css/style.css": 1710416345283,
  "index.html": 1710411816382
}