{
  "i18n/i18n.properties": 1708925041867,
  "ext/controller/ObjectPageCon.controller.js": 1709967046598,
  "ext/fragment/HeaderFragment.js": 1709966675326,
  "ext/fragment/Fragment.js": 1708664175828,
  "manifest.json": 1709968073962,
  "ext/controller/Headerbutton.js": 1708431247417,
  "Component.js": 1707202550495,
  "Component-preload.js": 1709968074273,
  "Component-dbg.js": 1707202550495,
  "ext/fragment/Fragment-dbg.js": 1708664175828,
  "ext/controller/ObjectPageCon-dbg.controller.js": 1709967046598,
  "ext/controller/Headerbutton-dbg.js": 1708431247417,
  "ext/fragment/HeaderFragment-dbg.js": 1709966675326,
  "ext/fragment/HeaderFragment.fragment.xml": 1709902631415,
  "ext/fragment/Fragment.fragment.xml": 1709966734621,
  "css/style.css": 1709967301544,
  "index.html": 1707202550499
}