{
  "ext/fragment/Fragment.fragment.xml": 1710147512449,
  "ext/controller/Headerbutton.js": 1708431247417,
  "ext/fragment/HeaderFragment.js": 1710151353135,
  "ext/fragment/Fragment.js": 1708664175828,
  "ext/controller/ObjectPageCon.controller.js": 1710159150864,
  "manifest.json": 1710169290622,
  "Component.js": 1707202550495,
  "Component-preload.js": 1710169291181,
  "ext/fragment/HeaderFragment-dbg.js": 1710151353135,
  "ext/fragment/Fragment-dbg.js": 1708664175828,
  "ext/controller/ObjectPageCon-dbg.controller.js": 1710159150864,
  "ext/controller/Headerbutton-dbg.js": 1708431247417,
  "Component-dbg.js": 1707202550495,
  "ext/fragment/HeaderFragment.fragment.xml": 1709902631415,
  "i18n/i18n.properties": 1708925041867,
  "css/style.css": 1710151429701,
  "index.html": 1707202550499
}