{
  "ext/fragment/HeaderFragment.js": 1709874620132,
  "manifest.json": 1709874732890,
  "i18n/i18n.properties": 1708925041867,
  "ext/fragment/Fragment.js": 1708664175828,
  "ext/controller/ObjectPageCon.controller.js": 1709874177588,
  "ext/controller/Headerbutton.js": 1708431247417,
  "Component.js": 1707202550495,
  "Component-preload.js": 1709874733758,
  "Component-dbg.js": 1707202550495,
  "ext/fragment/Fragment-dbg.js": 1708664175828,
  "ext/controller/ObjectPageCon-dbg.controller.js": 1709874177588,
  "ext/controller/Headerbutton-dbg.js": 1708431247417,
  "ext/fragment/HeaderFragment-dbg.js": 1709874620132,
  "ext/fragment/HeaderFragment.fragment.xml": 1709804013491,
  "ext/fragment/Fragment.fragment.xml": 1709296102820,
  "css/style.css": 1709803976347,
  "index.html": 1707202550499
}