{
  "ext/fragment/Fragment.fragment.xml": 1708083107105,
  "Component.js": 1707202550495,
  "ext/fragment/HeaderFragment.js": 1708059237948,
  "ext/fragment/Fragment.js": 1707557055429,
  "ext/controller/ObjectPageCon.controller.js": 1708327592702,
  "manifest.json": 1708327965257,
  "Component-preload.js": 1708327965562,
  "ext/controller/ObjectPageCon-dbg.controller.js": 1708327592702,
  "ext/fragment/Fragment-dbg.js": 1707557055429,
  "ext/fragment/HeaderFragment-dbg.js": 1708059237948,
  "Component-dbg.js": 1707202550495,
  "ext/fragment/HeaderFragment.fragment.xml": 1708059207476,
  "i18n/i18n.properties": 1707202587651,
  "css/style.css": 1708324225990,
  "index.html": 1707202550499
}