<core:FragmentDefinition xmlns:core="sap.ui.core"
	xmlns="sap.m"
	xmlns:macros="sap.fe.macros">
	<HBox id="mainhbox1">
		<VBox id="leftSectionvbox1" class="rightPadding" width="30%">
			<HBox id="item_supplier1" justifyContent="SpaceBetween">
				<VBox id="items1" class="spacebetweenclass" width="80%" alignItems="Start">
					<HBox id="hindent">
						<Label design="Bold" id="indentttheader" text="Indent:"></Label>
						<Text id="indentvalue" text=""></Text>
					</HBox>
					<HBox id="hproject">
						<Label design="Bold" id="projecttheader" text="Project:"></Label>
						<Text id="projectvalue" text=""></Text>
					</HBox>
					<HBox id="hclient">
						<Label design="Bold" id="clientheader" text="Client:"></Label>
						<Text id="clientvalue" text=""></Text>
					</HBox>
				</VBox>
				<VBox id="supplier_header" class="spacebetweenclass" alignItems="End">
					<Label design="Bold" class="labelHeightClass" id="supplierheader" text="Supplier :"/>
					<Label design="Bold" id="locationheader" text="Location :"/>
					<Label design="Bold" id="qtn_ref_header" text="Qtn. Ref. :"/>
					<Label design="Bold" id="dateheader" text="Date :"/>
					<Label design="Bold" id="validityheader" text="Validity :"/>
				</VBox>
			</HBox>
			<HBox id="demoxdemoe121" justifyContent="Center">
				<HBox id="dexmodemotest" height="53px" alignItems="Center">
					<Label id="titxle12" text="Cylindrical Data " design="Bold"/>
				</HBox>
			</HBox>
			<HBox id="tablesHbox"  width = "auto">
				<Table id="itemstable1" growing="true" fixedLayout="true" width="100%">
					<!--  Define columns and bindings for the table  -->
					<columns>

						<Column id="col2">
							<Text id="item_desc" text="Item Desc" tooltip="Item Desc" wrapping="false" />
						</Column>
						<Column id="col3">
							<Text id="cap_each" text="Capacity Each" tooltip="Capacity each(in mtr)" wrapping="false" />
						</Column>
						<Column id="col4">
							<Text id="dia_mm" text="Dia mm" tooltip="Dia mm" wrapping="false" />
						</Column>
						<Column id="col5">
							<Text id="tl_tl_len" text="TL to TL Length" tooltip="TL to TL Length (in mm)" wrapping="false" />
						</Column>
						<Column id="col6">
							<Text id="t6" text="MOC" tooltip="MOC" wrapping="false"/>
						</Column>
						<Column id="col7">
							<Text id="t7" text="Design Pressure Bar" tooltip="Design Pressure Bar" wrapping="false" />
						</Column>
						<Column id="col8">
							<Text id="t8" text="Weight" tooltip="Weight (in Kgs)" wrapping="false" />
						</Column>
						<Column id="col9">
							<Text id="t9" text=" Quantity" tooltip="Quantity" wrapping="false" />
						</Column>
					</columns>

				</Table>
			</HBox>

			<VBox id="leftbelowtable" class="v3spaceBetweenclass" alignItems="End">
				<Label id="sparesfor2" text="Spares for 2 Years operation" />
				<Label design="Bold" id="grandtotal" text=" Grand Total" />
				<Label id="pmff" text="Packing, Marking, Forwarding and Freight" />
				<Label id="inspection_testing_charges" text="Inspection / Testing Charges" />
				<Label id="doc_charges" text="Documentation Charges" />
				<HBox id="hboxtotal_basic_pricing" alignItems="End">
					<Label design="Bold" id="total_basic_pricing" text="Total Basic Price including packing, marking..." tooltip="Total Basic Price including packing, marking and forwarding" />
					<core:Icon id="icon1" src="sap-icon://navigation-down-arrow" color="darkblue" hoverColor="red" activeColor="darkgreen" width="20px" core:require="{ handler: 'cbedcompdbdyn/ext/fragment/Fragment'}" press="handler.onPress_forwaring" size="13px"></core:Icon>
				</HBox>
				<Label design="Bold" id="rnod" text="RNOD" />
				<Label id="custom_duty" text="Custom Duty and Cess" />
				<Label id="sgst" text="SGST" />
				<Label id="igst" text="IGST" />
				<Label id="ugst" text="UGST" />
				<Label id="shipmentcharges" text="Shipment charges from EXW to ISRO Mahendragiri " />
				<HBox id="total_including_tax" alignItems="End">
					<Label design="Bold" id="newItemID1" text="Total Basic Price including packing,..." tooltip="Total Basic Price including packing, marking and forwarding, Transportation including Taxes" />
					<core:Icon id="icon2" src="sap-icon://navigation-down-arrow" color="darkblue" hoverColor="red" activeColor="darkgreen" width="20px" core:require="{ handler: 'cbedcompdbdyn/ext/fragment/Fragment'}" press="handler.onPress_includingtax" size="13px"></core:Icon>
				</HBox>
				<Label design="Bold" id="total_excluding_taxes" text="Total Basic Price including packing, marking and....." tooltip="Total Basic Price including packing, marking and forwarding, Transportation excluding Taxes" />
				<!-- <Label design="Bold" id="2ndsparesfor2years" text= "Spares for 2 Years operation" /> -->
				<Label design="Bold" id="per_diem" text="Per Diem rate for Supervision for Erection and commissioning" />
				<HBox id="hpricebasis" height="15px" alignItems="End">
					<Label design="Bold" id="moreid" text=" View more..." />
					<core:Icon id="icon3" src="sap-icon://navigation-down-arrow" color="darkblue" hoverColor="red" activeColor="darkgreen" width="20px" core:require="{ handler: 'cbedcompdbdyn/ext/fragment/Fragment'}" press="handler.onPress_priccebasis" size="13px"></core:Icon>
				</HBox>
				<Label id="pricesbasis" text="PriceBasis" />
				<Label id="point_of_delivery" text="Point of Delivery" />
				<Label id="del_period" text="Delivery Period"  />
				<Label id="payment_terms" text="Payment Terms" class="custompayment" />
				<Label id="liq_dam" text="Liquidated Damages" class="customliquidated" />
				<Label id="warranty" text="Warranty / Defect Liability Period" class="customwarrantydefect" />
				<Label id="cpbg" text="CPBG"  class="customcbpg"/>
				<Label id="contact_per" text="Contact Person" />
				<Label id="contact_no" text="Contact No." />
				<Label id="ordercanbe" text=" Order can be given to……..." />
				<Label id="tech_approved" text=" Techncially Approved " class="custtechnically" />
				<Label id="approvedvendor" text="Approved Vendor" class="custtechnically" />

			</VBox>


		</VBox>
		<ScrollContainer id="rightScrollcontainer" width="100%" horizontal= "true">
			<HBox id="rightHboxcontainer" width="70vw" wrap="NoWrap">

			</HBox>
		</ScrollContainer>
	</HBox>
</core:FragmentDefinition>