<core:FragmentDefinition xmlns:core="sap.ui.core"
	xmlns="sap.m"
	xmlns:macros="sap.fe.macros">
	<HBox id="mainhbox1" class="mainHboxClass">
		<VBox id="leftSectionvbox1" class="rightPadding" width="30%">
			<HBox id="item_supplier1" class="section_header sticky" justifyContent="SpaceBetween">
				<VBox id="items1"  width="80%" alignItems="Start">
					<HBox id="hSop">
						<Label design="Bold" id="sopheader" tooltip="Subject of ProposalOROrder" text="SOP :⠀"></Label>
						<Text id="Sopvalue" text=""></Text>
					</HBox>
					<!-- <VBox id="vendorDetailsTable" class="vendortable">
						<HBox id="header" justifyContent="SpaceBetween">
							<Label id="vendor" text="Vendor Name"></Label>
							<Label id="awarderVendor" text="Awarded Vendor"></Label>
						</HBox>
					</VBox> -->
					<Table id="vendorDetailsTable" width="100%">
						<columns>
							<Column id="vendorName" hAlign="Center">
								<Label id="vendornamelabel" design="Bold"  text="Vendor Name"></Label>
							</Column>
							<Column id="awardedVendor" hAlign="Center">
								<Label id="awardedVendorlabel" design="Bold"  text="Awarded Vendor"></Label>
							</Column>
						</columns>
					</Table>
				</VBox>
				<VBox id="supplier_header" class="supplierheaderClass" alignItems="End">
					<Label design="Bold" class="labelHeightClass" id="supplierheader" text="Supplier :"/>
					<Label design="Bold" id="locationheader" text="Location :"/>
					<Label design="Bold" id="qtn_ref_header" text="Qtn. Ref. :"/>
					<Label design="Bold" id="dateheader" text="Date :"/>
					<Label design="Bold" id="validityheader" text="Validity :"/>
				</VBox>
			</HBox>
			<HBox id="demoxdemoe121" visible="false" justifyContent="Center">
				<HBox id="dexmodemotest" height="53px" alignItems="Center">
					<Label id="titxle12" text="Expand" design="Bold"/>
				</HBox>
			</HBox>
			<HBox id="tablesHbox"  width = "auto">
				<Table id="itemstable1" growing="true" fixedLayout="true" width="100%">
					<!--  Define columns and bindings for the table  -->
					<columns >

						<Column class="custcolorclass" id="col2">
							<Text id="item_desc" text="Item Desc" tooltip="Item Desc" wrapping="false" />
						</Column>
						<Column id="plantcode">
							<Text id="plantcodetext" text="Plant Code" tooltip="Plant Code" wrapping="false" />
						</Column>
						<Column id="col10">
							<Text id="tag_no" text="Tag No" tooltip="Tag No" wrapping="false" />
						</Column>
						<Column id="col11">
							<Text id="type_of_vessel" text="Type of Vessel" tooltip="Type of Vessel" wrapping="false" />
						</Column>
						<Column id="col3">
							<Text id="cap_each" text="Capacity Each" tooltip="Capacity each(in mtr)" wrapping="false" />
						</Column>
						<Column id="col4">
							<Text id="dia_mm" text="Dia mm" tooltip="Dia mm" wrapping="false" />
						</Column>
						<Column id="col5">
							<Text id="tl_tl_len" text="TL to TL Length" tooltip="TL to TL Length (in mm)" wrapping="false" />
						</Column>
						<Column id="col6">
							<Text id="t6" text="MOC" tooltip="MOC" wrapping="false"/>
						</Column>
						<Column id="col7">
							<Text id="t7" text="Design Pressure Bar" tooltip="Design Pressure Bar" wrapping="false" />
						</Column>
						<Column id="col8">
							<Text id="t8" text="Weight" tooltip="Weight (in Kgs)" wrapping="false" />
						</Column>
						<Column id="col001">
							<Text id="t9" text="UOM" tooltip="Unit of Measure" wrapping="false" />
						</Column>
						<Column id="col9">
							<Text id="10" text=" Quantity" tooltip="Quantity" wrapping="false" />
						</Column>
					</columns>

				</Table>
			</HBox>

			<VBox id="leftbelowtable" class="v3spaceBetweenclass" alignItems="End">
				<Label id="sparesfor2" text="Spares for 2 Years operation" />
				<Label design="Bold" id="grandtotal" text=" Grand Total" />
				<Label id="pmff" text="Freight" visible="true"/>
				<Label id="inspection_testing_charges" text="Inspection / Testing Charges" visible="true"/>
				<Label id="doc_charges" text="Documentation Charges" visible="true"/>
				<!-- <HBox id="hboxtotal_basic_pricing" alignItems="End">
					<Label design="Bold" id="total_basic_pricing" text="Total Basic Price including packing, marking..." tooltip="Total Basic Price including packing, marking and forwarding" />
					<core:Icon id="icon1" src="sap-icon://navigation-right-arrow" color="darkblue" hoverColor="red" activeColor="darkgreen" width="20px" core:require="{ handler: 'cbedcompdbdyn/ext/fragment/Fragment'}" press="handler.onPress_forwaring" size="13px"></core:Icon>
				</HBox> -->
				<Label design="Bold" id="rnod" text="RNOD" />
				<Label id="custom_duty" text="Custom Duty and Cess" visible="true"/>
				<Label id="tax_field" class="taxClass" text="Tax" visible="true"/>
				<!-- <Label id="sgst" text="SGST" visible="false"/>
				<Label id="igst" text="IGST" visible="false"/>
				<Label id="ugst" text="UGST" visible="false"/> -->
				<Label id="shipmentcharges" text="Shipment charges from EXW to ISRO Mahendragiri " visible="true"/>
				<HBox id="total_including_tax" alignItems="End">
					<Label design="Bold" id="newItemID1" text="Total Basic Price including packing,..." tooltip="Total Basic Price including packing, marking and forwarding, Transportation including Taxes" />
					<core:Icon id="icon2" src="sap-icon://navigation-up-arrow" color="darkblue" hoverColor="red" activeColor="darkgreen" width="20px" core:require="{ handler: 'cbedcompdbdyn/ext/fragment/Fragment'}" press="handler.onPress_includingtax" size="13px"></core:Icon>
				</HBox>
				<Label design="Bold" id="total_excluding_taxes" text="Total Basic Price including packing, marking and....." tooltip="Total Basic Price including packing, marking and forwarding, Transportation excluding Taxes" />
				<!-- <Label design="Bold" id="2ndsparesfor2years" text= "Spares for 2 Years operation" /> -->
				<Label design="Bold" id="per_diem" text="Per Diem rate for Supervision for Erection and commissioning" />
				<HBox id="hpricebasis" height="15px" alignItems="End">
					<Label design="Bold" id="moreid" text=" View more..." />
					<core:Icon id="icon3" src="sap-icon://navigation-down-arrow" color="darkblue" hoverColor="red" activeColor="darkgreen" width="20px" core:require="{ handler: 'cbedcompdbdyn/ext/fragment/Fragment'}" press="handler.onPress_priccebasis" size="13px"></core:Icon>
				</HBox>
				<!-- <Label id="pricesbasis" text="PriceBasis" visible="false"/> -->
				<!-- <Label id="point_of_delivery" text="Point of Delivery" visible="false"/> -->
				<Label id="del_period" text="Scope and Responsibilities" visible="true"/>
				<Label id="payment_terms" text="Commercial Terms" class="custompayment" visible="true"/>
				<Label id="liq_dam" text="Compliance Terms" class="customliquidated" visible="true"/>
				<Label id="warranty" text="Others" class="customwarrantydefect" visible="true"/>
				<!-- <Label id="cpbg" text="CPBG" class="customcbpg" visible="false"/> -->
				<Label id="contact_per" text="Contact Person" visible="true"/>
				<Label id="contact_no" text="Contact No." visible="true"/>
				<Label id="ordercanbe" text=" Order can be given to……..." visible="true"/>
				<Label id="tech_approved" text=" Techncially Approved " class="custtechnically" visible="true"/>
				<Label id="approvedvendor" text="Approved Vendor" class="custtechnically" visible="true"/>

			</VBox>


		</VBox>
		<ScrollContainer id="rightScrollcontainer" class="scroll-container scrollcontainer_stick_class" width="100%" horizontal= "true">
			<HBox id="rightHboxcontainer" class="custBackgroundcolor" width="70vw" wrap="NoWrap">

			</HBox>
		</ScrollContainer>
	</HBox>
</core:FragmentDefinition>