{
  "ext/fragment/Fragment.fragment.xml": 1707456016220,
  "manifest.json": 1710157345598,
  "model/data.json": 1706525866431,
  "data1.json": 1706867598417,
  "data.json": 1706846347973,
  "ext/fragment/Fragment.js": 1706936269873,
  "ext/controller/ObjectPageCon.controller.js": 1707182692027,
  "Component.js": 1706504794631,
  "Component-preload.js": 1710157346370,
  "ext/fragment/Fragment-dbg.js": 1706936269873,
  "ext/controller/ObjectPageCon-dbg.controller.js": 1707182692027,
  "Component-dbg.js": 1706504794631,
  "i18n/i18n.properties": 1706504830158,
  "css/style.css": 1707456012040,
  "index.html": 1706504794635
}